Date,AAPL,BTC-USD,GLD,TSLA
2025-01-01,,94419.7578125,,
2025-01-02,242.3019256591797,96886.875,245.4199981689453,379.2799987792969
2025-01-03,241.8150177001953,98107.4296875,243.49000549316406,410.44000244140625
2025-01-04,,98236.2265625,,
2025-01-05,,98314.9609375,,
2025-01-06,243.4446258544922,102078.0859375,243.19000244140625,411.04998779296875
2025-01-07,240.67234802246094,96922.703125,244.55999755859375,394.3599853515625
2025-01-08,241.15921020507812,95043.5234375,245.86000061035156,394.94000244140625
2025-01-09,,92484.0390625,,
2025-01-10,235.34637451171875,94701.453125,248.2100067138672,394.739990234375
2025-01-11,,94566.59375,,
2025-01-12,,94488.4375,,
2025-01-13,232.91192626953125,94516.5234375,245.74000549316406,403.30999755859375
2025-01-14,231.79901123046875,96534.046875,247.02999877929688,396.3599853515625
2025-01-15,236.35989379882812,100504.4921875,248.8800048828125,428.2200012207031
2025-01-16,226.81085205078125,99756.90625,250.60000610351562,413.82000732421875
2025-01-17,228.5199737548828,104462.0390625,249.27000427246094,426.5
2025-01-18,,104408.0703125,,
2025-01-19,,101089.609375,,
2025-01-20,,102016.6640625,,
2025-01-21,221.2265625,106146.265625,253.1300048828125,424.07000732421875
2025-01-22,222.40902709960938,103653.0703125,254.42999267578125,415.1099853515625
2025-01-23,222.24009704589844,103960.171875,254.07000732421875,412.3800048828125
2025-01-24,221.3656768798828,104819.484375,255.64999389648438,406.5799865722656
2025-01-25,,104714.6484375,,
2025-01-26,,102682.5,,
2025-01-27,228.40072631835938,102087.6875,252.99000549316406,397.1499938964844
2025-01-28,236.7473907470703,101332.4765625,255.17999267578125,398.0899963378906
2025-01-29,237.84042358398438,103703.2109375,254.1999969482422,389.1000061035156
2025-01-30,236.0816650390625,104735.3046875,258.04998779296875,400.2799987792969
2025-01-31,234.5017547607422,102405.0234375,258.55999755859375,404.6000061035156
2025-02-01,,100655.90625,,
2025-02-02,,97688.9765625,,
2025-02-03,226.56246948242188,101405.421875,259.94000244140625,383.67999267578125
2025-02-04,231.32208251953125,97871.8203125,262.5,392.2099914550781
2025-02-05,230.99417114257812,96615.4453125,264.1300048828125,378.1700134277344
2025-02-06,231.73941040039062,96593.296875,263.42999267578125,374.32000732421875
2025-02-07,226.1848907470703,96529.0859375,263.8999938964844,361.6199951171875
2025-02-08,,96482.453125,,
2025-02-09,,96500.09375,,
2025-02-10,226.45346069335938,97437.5546875,268.3699951171875,350.7300109863281
2025-02-11,231.3973388671875,95747.4296875,267.3900146484375,328.5
2025-02-12,235.625,97885.859375,267.6700134277344,336.510009765625
2025-02-13,240.26051330566406,96623.8671875,270.30999755859375,355.94000244140625
2025-02-14,243.31439208984375,97508.96875,266.2900085449219,355.8399963378906
2025-02-15,,97580.3515625,,
2025-02-16,,96175.03125,,
2025-02-17,,95773.3828125,,
2025-02-18,243.18508911132812,95539.546875,270.70001220703125,354.1099853515625
2025-02-19,243.5829620361328,96635.609375,270.8500061035156,360.55999755859375
2025-02-20,244.53790283203125,98333.9375,270.989990234375,354.3999938964844
2025-02-21,244.25938415527344,96125.546875,270.739990234375,337.79998779296875
2025-02-22,,96577.7578125,,
2025-02-23,,96273.921875,,
2025-02-24,245.80125427246094,91418.171875,272.2099914550781,330.5299987792969
2025-02-25,245.74156188964844,88736.171875,268.6199951171875,302.79998779296875
2025-02-26,239.0966796875,84347.0234375,269.0299987792969,290.79998779296875
2025-02-27,236.05274963378906,84704.2265625,264.92999267578125,281.95001220703125
2025-02-28,240.56887817382812,84373.0078125,263.2699890136719,292.9800109863281
2025-03-01,,86031.9140625,,
2025-03-02,,94248.3515625,,
2025-03-03,236.77891540527344,86065.671875,266.739990234375,284.6499938964844
2025-03-04,234.68995666503906,87222.1953125,269.05999755859375,272.0400085449219
2025-03-05,234.50096130371094,90623.5625,269.6199951171875,279.1000061035156
2025-03-06,234.09312438964844,89961.7265625,268.25,263.45001220703125
2025-03-07,237.81346130371094,86742.671875,268.3900146484375,262.6700134277344
2025-03-08,,86154.59375,,
2025-03-09,,80601.0390625,,
2025-03-10,226.28436279296875,78532.0,266.0400085449219,222.14999389648438
2025-03-11,219.6792755126953,82862.2109375,269.1600036621094,230.5800018310547
2025-03-12,215.8395538330078,83722.359375,270.3299865722656,248.08999633789062
2025-03-13,208.5779266357422,81066.703125,275.1300048828125,240.67999267578125
2025-03-14,212.36788940429688,83969.1015625,275.239990234375,249.97999572753906
2025-03-15,,84343.109375,,
2025-03-16,,82579.6875,,
2025-03-17,212.87522888183594,84075.6875,276.7300109863281,238.00999450683594
2025-03-18,211.57211303710938,82718.5,279.9599914550781,225.30999755859375
2025-03-19,214.1086883544922,86854.2265625,281.1099853515625,235.86000061035156
2025-03-20,212.97471618652344,84167.1953125,280.75,236.25999450683594
2025-03-21,217.12277221679688,84043.2421875,278.489990234375,248.7100067138672
2025-03-22,,83832.484375,,
2025-03-23,,86054.375,,
2025-03-24,219.56985473632812,87498.9140625,277.25,278.3900146484375
2025-03-25,222.57395935058594,87471.703125,278.4700012207031,288.1400146484375
2025-03-26,220.36563110351562,86900.8828125,278.239990234375,272.05999755859375
2025-03-27,222.67344665527344,87177.1015625,281.9700012207031,273.1300048828125
2025-03-28,216.7547149658203,84353.1484375,284.05999755859375,263.54998779296875
2025-03-29,,82597.5859375,,
2025-03-30,,82334.5234375,,
2025-03-31,220.96249389648438,82548.9140625,288.1400146484375,259.1600036621094
2025-04-01,222.0169219970703,85169.171875,287.57000732421875,268.4599914550781
2025-04-02,222.71322631835938,82485.7109375,288.1600036621094,282.760009765625
2025-04-03,202.12205505371094,83102.828125,286.4200134277344,267.2799987792969
2025-04-04,187.38986206054688,83843.8046875,279.7200012207031,239.42999267578125
2025-04-05,,83504.796875,,
2025-04-06,,78214.484375,,
2025-04-07,180.50625610351562,79235.3359375,273.7099914550781,233.2899932861328
2025-04-08,171.5137481689453,76271.953125,275.20001220703125,221.86000061035156
2025-04-09,197.80487060546875,82573.953125,285.3800048828125,272.20001220703125
2025-04-10,189.41917419433594,79626.140625,292.3500061035156,252.39999389648438
2025-04-11,197.1085205078125,83404.8359375,297.92999267578125,252.30999755859375
2025-04-12,,85287.109375,,
2025-04-13,,83684.9765625,,
2025-04-14,201.45555114746094,84542.390625,296.2300109863281,252.35000610351562
2025-04-15,201.07754516601562,83668.9921875,297.7799987792969,254.11000061035156
2025-04-16,193.24893188476562,84033.8671875,307.4700012207031,241.5500030517578
2025-04-17,195.9446563720703,84895.75,306.1199951171875,241.3699951171875
2025-04-18,,84450.8046875,,
2025-04-19,,85063.4140625,,
2025-04-20,,85174.3046875,,
2025-04-21,192.14476013183594,87518.90625,315.5899963378906,227.5
2025-04-22,198.69017028808594,93441.890625,311.1099853515625,237.97000122070312
2025-04-23,203.52462768554688,93699.109375,303.6499938964844,250.74000549316406
2025-04-24,207.27479553222656,93943.796875,308.07000732421875,259.510009765625
2025-04-25,208.18002319335938,94720.5,304.7300109863281,284.95001220703125
2025-04-26,,94646.9296875,,
2025-04-27,,93754.84375,,
2025-04-28,209.03549194335938,94978.75,309.07000732421875,285.8800048828125
2025-04-29,210.09988403320312,94284.7890625,306.05999755859375,292.0299987792969
2025-04-30,211.3831024169922,94207.3125,303.7699890136719,282.1600036621094
2025-05-01,212.1988067626953,96492.3359375,297.4599914550781,280.5199890136719
2025-05-02,204.27069091796875,96910.0703125,297.9800109863281,287.2099914550781
2025-05-03,,95891.796875,,
2025-05-04,,94315.9765625,,
2025-05-05,197.84463500976562,94748.0546875,306.8800048828125,280.260009765625
2025-05-06,197.46661376953125,96802.4765625,315.4800109863281,275.3500061035156
2025-05-07,195.218505859375,97032.3203125,310.75,276.2200012207031
2025-05-08,196.45201110839844,103241.4609375,304.6300048828125,284.82000732421875
2025-05-09,197.4865264892578,102970.8515625,306.8399963378906,298.260009765625
2025-05-10,,104696.328125,,
2025-05-11,,104106.359375,,
2025-05-12,209.95704650878906,102812.953125,298.19000244140625,318.3800048828125
2025-05-13,212.08859252929688,104169.8125,299.4599914550781,334.07000732421875
2025-05-14,211.490966796875,103539.4140625,293.1600036621094,347.67999267578125
2025-05-15,210.6144256591797,103744.640625,297.8399963378906,342.82000732421875
2025-05-16,210.42518615722656,103489.2890625,294.239990234375,349.9800109863281
2025-05-17,,103191.0859375,,
2025-05-18,,106446.0078125,,
2025-05-19,207.95501708984375,105606.1796875,298.0299987792969,342.0899963378906
2025-05-20,206.04257202148438,106791.0859375,303.5799865722656,343.82000732421875
2025-05-21,201.29141235351562,109678.078125,305.82000732421875,334.6199951171875
2025-05-22,200.5643310546875,111673.28125,303.1099853515625,341.0400085449219
2025-05-23,194.49838256835938,107287.796875,309.75,339.3399963378906
2025-05-24,,107791.15625,,
2025-05-25,,109035.390625,,
2025-05-26,,109440.3671875,,
2025-05-27,199.41885375976562,108994.640625,304.5,362.8900146484375
2025-05-28,199.62802124023438,107802.328125,303.80999755859375,356.8999938964844
2025-05-29,199.15988159179688,105641.7578125,305.6099853515625,358.42999267578125
2025-05-30,200.05633544921875,103998.5703125,303.6000061035156,346.4599914550781
2025-05-31,,104638.09375,,
2025-06-01,,105652.1015625,,
2025-06-02,200.90296936035156,105881.53125,311.6700134277344,342.69000244140625
2025-06-03,202.46678161621094,105432.46875,308.9100036621094,344.2699890136719
2025-06-04,202.0185546875,104731.984375,310.8999938964844,332.04998779296875
2025-06-05,199.83721923828125,101575.953125,309.3299865722656,284.70001220703125
2025-06-06,203.11419677734375,104390.34375,305.17999267578125,295.1400146484375
2025-06-07,,105615.625,,
2025-06-08,,105793.6484375,,
2025-06-09,200.65396118164062,110294.1015625,306.6199951171875,308.5799865722656
2025-06-10,201.86915588378906,110257.234375,306.7099914550781,326.0899963378906
2025-06-11,197.99452209472656,108686.625,308.3699951171875,326.42999267578125
2025-06-12,198.412841796875,105929.0546875,312.20001220703125,319.1099853515625
2025-06-13,195.6737060546875,106090.96875,316.2900085449219,325.30999755859375
2025-06-14,,105472.40625,,
2025-06-15,,105552.0234375,,
2025-06-16,197.63592529296875,106796.7578125,311.7799987792969,329.1300048828125
2025-06-17,194.86691284179688,104601.1171875,311.94000244140625,316.3500061035156
2025-06-18,195.80319213867188,104883.328125,310.260009765625,322.04998779296875
2025-06-19,,104684.2890625,,
2025-06-20,200.2057342529297,103309.6015625,310.1300048828125,322.1600036621094
2025-06-21,,102257.40625,,
2025-06-22,,100987.140625,,
2025-06-23,200.70376586914062,105577.7734375,311.0799865722656,348.67999267578125
2025-06-24,199.50851440429688,106045.6328125,306.19000244140625,340.4700012207031
2025-06-25,200.76353454589844,107361.2578125,307.1199951171875,327.54998779296875
2025-06-26,200.2057342529297,106960.0,306.7799987792969,325.7799987792969
2025-06-27,200.28541564941406,107088.4296875,301.2200012207031,323.6300048828125
2025-06-28,,107327.703125,,
2025-06-29,,108385.5703125,,
2025-06-30,204.3592529296875,107135.3359375,304.8299865722656,317.6600036621094
2025-07-01,206.998779296875,105698.28125,307.54998779296875,300.7099914550781
2025-07-02,211.60055541992188,108859.3203125,309.25,315.6499938964844
2025-07-03,212.70614624023438,109647.9765625,307.1400146484375,315.3500061035156
2025-07-04,,108034.3359375,,
2025-07-05,,108231.1796875,,
2025-07-06,,109232.0703125,,
2025-07-07,209.120361328125,108299.8515625,307.3699951171875,293.94000244140625
2025-07-08,209.1801300048828,108950.2734375,304.1600036621094,297.80999755859375
2025-07-09,210.3056640625,111326.5546875,305.5199890136719,295.8800048828125
2025-07-10,211.5706787109375,115987.203125,306.20001220703125,309.8699951171875
2025-07-11,210.3256072998047,117516.9921875,309.1400146484375,313.510009765625
2025-07-12,,117435.2265625,,
2025-07-13,,119116.1171875,,
2025-07-14,207.79563903808594,119849.703125,308.010009765625,316.8999938964844
2025-07-15,208.28370666503906,117777.1875,306.7300109863281,310.7799987792969
2025-07-16,209.3295440673828,118738.5078125,308.260009765625,321.6700134277344
2025-07-17,209.1901092529297,119289.84375,307.5899963378906,319.4100036621094
2025-07-18,210.34552001953125,118003.2265625,308.3900146484375,329.6499938964844
2025-07-19,,117939.9765625,,
2025-07-20,,117300.7890625,,
2025-07-21,211.64036560058594,117439.5390625,313.1300048828125,328.489990234375
2025-07-22,213.55279541015625,119995.4140625,316.1000061035156,332.1099853515625
2025-07-23,213.30377197265625,118754.9609375,312.17999267578125,332.55999755859375
2025-07-24,212.91531372070312,118368.0,310.2699890136719,305.29998779296875
2025-07-25,213.03485107421875,117635.8828125,307.3999938964844,316.05999755859375
2025-07-26,,117947.3671875,,
2025-07-27,,119448.4921875,,
2025-07-28,213.2041778564453,117924.4765625,305.4100036621094,325.5899963378906
2025-07-29,210.43515014648438,117922.1484375,306.25,321.20001220703125
2025-07-30,208.2239227294922,117831.1875,300.9599914550781,319.0400085449219
2025-07-31,206.7498016357422,115758.203125,302.9599914550781,308.2699890136719
2025-08-01,201.58029174804688,113320.0859375,309.1099853515625,302.6300048828125
2025-08-02,,112526.9140625,,
2025-08-03,,114217.671875,,
2025-08-04,202.5464630126953,115071.8828125,310.9100036621094,309.260009765625
2025-08-05,202.11814880371094,114141.4453125,311.1600036621094,308.7200012207031
2025-08-06,212.40733337402344,115028.0,310.5,319.9100036621094
2025-08-07,219.16053771972656,117496.8984375,313.1199951171875,322.2699890136719
2025-08-08,228.4437255859375,116688.7265625,313.04998779296875,329.6499938964844
2025-08-09,,116500.359375,,
2025-08-10,,119306.7578125,,
2025-08-11,226.53909301757812,118731.4453125,308.54998779296875,339.0299987792969
2025-08-12,229.0021209716797,120172.90625,308.2699890136719,340.8399963378906
2025-08-13,232.6717529296875,123344.0625,309.2099914550781,339.3800048828125
2025-08-14,232.12330627441406,118359.578125,307.25,335.5799865722656
2025-08-15,230.93667602539062,117398.3515625,307.42999267578125,330.55999755859375
2025-08-16,,117491.3515625,,
2025-08-17,,117453.0625,,
2025-08-18,230.23863220214844,116252.3125,306.95001220703125,335.1600036621094
2025-08-19,229.90957641601562,112831.1796875,305.2699890136719,329.30999755859375
2025-08-20,225.3723907470703,114274.7421875,308.3599853515625,323.8999938964844
2025-08-21,224.26551818847656,112419.03125,307.2900085449219,320.1099853515625
2025-08-22,227.11746215820312,116874.0859375,310.5799865722656,340.010009765625
2025-08-23,,115374.328125,,
2025-08-24,,113458.4296875,,
2025-08-25,226.5191650390625,110124.3515625,309.8299865722656,346.6000061035156
2025-08-26,228.6630859375,111802.65625,312.0799865722656,351.6700134277344
2025-08-27,229.8397674560547,111222.0625,312.7099914550781,349.6000061035156
2025-08-28,231.90391540527344,112544.8046875,315.0299987792969,345.9800109863281
2025-08-29,231.485107421875,108410.8359375,318.07000732421875,333.8699951171875
2025-08-30,,108808.0703125,,
2025-08-31,,108236.7109375,,
2025-09-01,,109250.59375,,
2025-09-02,229.07192993164062,111200.5859375,325.5899963378906,329.3599853515625
2025-09-03,237.7972412109375,111723.2109375,328.1400146484375,334.0899963378906
2025-09-04,239.10354614257812,110723.6015625,326.69000244140625,338.5299987792969
2025-09-05,239.01380920410156,110650.984375,331.04998779296875,350.8399963378906
2025-09-06,,110224.6953125,,
2025-09-07,,111167.6171875,,
2025-09-08,237.20892333984375,112071.4296875,334.82000732421875,346.3999938964844
2025-09-09,233.6888885498047,111530.546875,334.05999755859375,346.9700012207031
2025-09-10,226.1501922607422,113955.359375,335.260009765625,347.7900085449219
2025-09-11,229.3810577392578,115507.5390625,334.760009765625,368.80999755859375
2025-09-12,233.40966796875,116101.578125,335.4200134277344,395.94000244140625
2025-09-13,,115950.5078125,,
2025-09-14,,115407.65625,,
2025-09-15,236.03224182128906,115444.875,338.9100036621094,410.0400085449219
2025-09-16,237.4781494140625,116843.1875,339.5899963378906,421.6199951171875
2025-09-17,238.3157958984375,116468.5078125,336.9700012207031,425.8599853515625
2025-09-18,237.20892333984375,117137.203125,335.6199951171875,416.8500061035156
2025-09-19,244.80740356445312,115688.859375,339.17999267578125,426.07000732421875
2025-09-20,,115721.9609375,,
2025-09-21,,115306.09375,,
2025-09-22,255.35755920410156,112748.5078125,345.04998779296875,434.2099914550781
2025-09-23,253.7122344970703,112014.5,346.4599914550781,425.8500061035156
2025-09-24,251.59820556640625,113328.6328125,343.32000732421875,442.7900085449219
2025-09-25,256.1453552246094,109049.2890625,344.75,423.3900146484375
2025-09-26,254.73931884765625,109712.828125,346.739990234375,440.3999938964844
2025-09-27,,109681.9453125,,
2025-09-28,,112122.640625,,
2025-09-29,253.7122344970703,114400.3828125,352.4599914550781,443.2099914550781
2025-09-30,253.9116668701172,114056.0859375,355.4700012207031,444.7200012207031
2025-10-01,254.72933959960938,118648.9296875,356.0299987792969,459.4599914550781
2025-10-02,256.40460205078125,120681.2578125,354.7900085449219,436.0
2025-10-03,257.2920837402344,122266.53125,357.6400146484375,429.8299865722656
2025-10-04,,122425.4296875,,
2025-10-05,,123513.4765625,,
2025-10-06,255.96585083007812,124752.53125,364.3800048828125,453.25
2025-10-07,255.7564697265625,121451.3828125,366.260009765625,433.0899963378906
2025-10-08,257.33197021484375,123354.8671875,372.29998779296875,438.69000244140625
2025-10-09,253.32330322265625,121705.5859375,365.42999267578125,435.5400085449219
2025-10-10,244.57806396484375,113214.3671875,369.1199951171875,413.489990234375
2025-10-11,,110807.8828125,,
2025-10-12,,115169.765625,,
2025-10-13,246.96131896972656,115271.078125,378.0899963378906,435.8999938964844
2025-10-14,247.07101440429688,113118.6640625,380.7900085449219,429.239990234375
2025-10-15,248.63658142089844,110783.1640625,387.3900146484375,435.1499938964844
2025-10-16,246.75192260742188,108186.0390625,396.45001220703125,428.75
2025-10-17,251.57826232910156,106467.7890625,388.989990234375,439.30999755859375
2025-10-18,,107198.265625,,
2025-10-19,,108666.7109375,,
2025-10-20,261.5001525878906,110588.9296875,403.1499938964844,447.42999267578125
2025-10-21,262.0286865234375,108476.890625,377.239990234375,442.6000061035156
2025-10-22,257.72088623046875,107688.5859375,377.2799987792969,438.9700012207031
2025-10-23,258.84771728515625,110069.7265625,378.7900085449219,448.9800109863281
2025-10-24,262.07855224609375,111033.921875,377.5199890136719,433.7200012207031
2025-10-25,,111641.7265625,,
2025-10-26,,114472.4453125,,
2025-10-27,268.0516357421875,114119.328125,367.010009765625,452.4200134277344
2025-10-28,268.2410888671875,112956.1640625,364.3800048828125,460.54998779296875
2025-10-29,268.93914794921875,110055.3046875,363.0,461.510009765625
2025-10-30,270.63433837890625,108305.546875,370.1300048828125,440.1000061035156
2025-10-31,269.60723876953125,109556.1640625,368.1199951171875,456.55999755859375
2025-11-01,,110064.015625,,
2025-11-02,,110639.625,,
2025-11-03,268.2909851074219,106547.5234375,368.7799987792969,468.3699951171875
2025-11-04,269.2781982421875,101590.5234375,362.32000732421875,444.260009765625
2025-11-05,269.3778991699219,103891.8359375,366.510009765625,462.07000732421875
2025-11-06,269.0089416503906,101301.2890625,366.07000732421875,445.9100036621094
2025-11-07,267.7126159667969,103372.40625,368.30999755859375,429.5199890136719
2025-11-08,,102282.1171875,,
2025-11-09,,104719.640625,,
2025-11-10,268.9303283691406,105996.59375,378.3800048828125,445.2300109863281
2025-11-11,274.73956298828125,102997.46875,379.8699951171875,439.6199951171875
2025-11-12,272.962890625,101663.1875,385.989990234375,430.6000061035156
2025-11-13,272.4438171386719,99697.4921875,382.8699951171875,401.989990234375
2025-11-14,271.90484619140625,94397.7890625,375.9599914550781,404.3500061035156
2025-11-15,,95549.1484375,,
2025-11-16,,94177.078125,,
2025-11-17,266.9639892578125,92093.875,371.6499938964844,408.9200134277344
2025-11-18,266.94403076171875,92948.875,374.3500061035156,401.25
2025-11-19,268.0619812011719,91465.9921875,374.9599914550781,403.989990234375
2025-11-20,265.7562561035156,86631.8984375,374.8500061035156,395.2300109863281
2025-11-21,270.98651123046875,85090.6875,374.2699890136719,391.0899963378906
2025-11-22,,84648.359375,,
2025-11-23,,86805.0078125,,
2025-11-24,275.4083557128906,88270.5625,380.20001220703125,417.7799987792969
2025-11-25,276.45635986328125,87341.890625,380.0799865722656,419.3999938964844
2025-11-26,277.0353088378906,90518.3671875,383.1199951171875,426.5799865722656
2025-11-27,,91285.375,,
2025-11-28,278.3328857421875,90919.265625,387.8800048828125,430.1700134277344
2025-11-29,,90851.7578125,,
2025-11-30,,90394.3125,,
2025-12-01,282.57501220703125,86321.5703125,389.75,430.1400146484375
2025-12-02,285.6592712402344,91350.203125,387.239990234375,429.239990234375
2025-12-03,283.623046875,93527.8046875,386.8800048828125,446.739990234375
2025-12-04,280.179443359375,92141.625,387.1300048828125,454.5299987792969
2025-12-05,278.26300048828125,89387.7578125,386.44000244140625,455.0
2025-12-06,,89272.375,,
2025-12-07,,90405.640625,,
2025-12-08,277.3746643066406,90640.203125,385.4200134277344,439.5799865722656
2025-12-09,276.6659851074219,92691.7109375,387.3999938964844,445.1700134277344
2025-12-10,278.26300048828125,92020.9453125,389.04998779296875,451.45001220703125
2025-12-11,277.514404296875,92511.3359375,393.239990234375,446.8900146484375
2025-12-12,277.763916015625,90270.4140625,395.44000244140625,458.9599914550781
2025-12-13,,90298.7109375,,
2025-12-14,,88175.1796875,,
2025-12-15,273.6016540527344,86419.78125,395.79998779296875,475.30999755859375
2025-12-16,274.1007385253906,87843.984375,395.8900146484375,489.8800048828125
2025-12-17,271.33587646484375,86143.7578125,399.2900085449219,467.260009765625
2025-12-18,271.68524169921875,85462.5078125,398.57000732421875,483.3699951171875
2025-12-19,273.1625061035156,88103.3828125,399.0199890136719,481.20001220703125
2025-12-20,,88344.0,,
2025-12-21,,88621.75,,
2025-12-22,270.4674987792969,88490.015625,408.2300109863281,488.7300109863281
2025-12-23,271.85491943359375,87414.0,413.6400146484375,485.55999755859375
2025-12-24,273.3022155761719,87611.9609375,411.92999267578125,485.3999938964844
2025-12-25,,87234.7421875,,
2025-12-26,272.89300537109375,87301.4296875,416.739990234375,475.19000244140625
2025-12-27,,87802.15625,,
2025-12-28,,87835.8359375,,
2025-12-29,273.2523498535156,87138.140625,398.6000061035156,459.6400146484375
2025-12-30,272.57354736328125,88430.1328125,398.8900146484375,454.42999267578125 
